Country.Name,Country.Code,Year,Age 15-24,Age 25-74,Age 75+
Afghanistan,AFG,1970,88.81,94.22,98.55
Afghanistan,AFG,1975,85.74,90.98,98.53
Afghanistan,AFG,1980,82.03,89,98.5
Afghanistan,AFG,1985,77.8,84.62,98.47
Afghanistan,AFG,1990,75.04,80.7,98.44
Afghanistan,AFG,1995,73.21,75.87,97.14
Afghanistan,AFG,2000,67.85,73.35,96.56
Afghanistan,AFG,2005,65.73,71.58,94.82
Afghanistan,AFG,2010,58.38,66.02,94.04
Albania,ALB,1970,37.92,43.8,85.78
Albania,ALB,1975,30.72,38.8,82.55
Albania,ALB,1980,24.54,33.33,81.77
Albania,ALB,1985,14.66,19.75,27.5
Albania,ALB,1990,10.91,13.53,20.73
Albania,ALB,1995,14.57,17.13,31.4
Albania,ALB,2000,1.27,1.52,1.78
Albania,ALB,2005,2.35,2.51,14.62
Albania,ALB,2010,3.28,3.86,27.56
Algeria,DZA,1970,73.64,84.4,92.2
Algeria,DZA,1975,64.45,78.51,92.32
Algeria,DZA,1980,55.76,70.38,92.3
Algeria,DZA,1985,45.78,61.37,91.26
Algeria,DZA,1990,38.88,52.01,90.99
Algeria,DZA,1995,32.89,44.24,90.47
Algeria,DZA,2000,28.17,38.36,90.6
Algeria,DZA,2005,29.6,35.6,91.11
Algeria,DZA,2010,21.12,26.99,87.88
Argentina,ARG,1970,7.02,8.3,19.5
Argentina,ARG,1975,5.89,6.93,16.32
Argentina,ARG,1980,4.91,7.1,12.5
Argentina,ARG,1985,4.96,5.64,12.08
Argentina,ARG,1990,4.8,5.7,11.6
Argentina,ARG,1995,4.02,4.94,10.32
Argentina,ARG,2000,3.48,4.27,8.82
Argentina,ARG,2005,0.86,1.08,2.44
Argentina,ARG,2010,0.93,1.12,2.35
Armenia,ARM,1970,4.04,3.29,7.31
Armenia,ARM,1975,3.38,2.74,6.9
Armenia,ARM,1980,2.62,2.2,6.5
Armenia,ARM,1985,1.71,1.44,3.84
Armenia,ARM,1990,1.26,1.11,3.62
Armenia,ARM,1995,0.91,0.95,3.41
Armenia,ARM,2000,0.6,0.73,3.21
Armenia,ARM,2005,0.5,0.57,3.01
Armenia,ARM,2010,0.6,0.41,2.81
Australia,AUS,1970,0.76,0.9,1.7
Australia,AUS,1975,1.07,1,1.81
Australia,AUS,1980,0.8,1,1.8
Australia,AUS,1985,1.12,1.2,2.1
Australia,AUS,1990,1.09,1.3,2.35
Australia,AUS,1995,1.37,1.4,2.88
Australia,AUS,2000,1.08,1.21,2.74
Australia,AUS,2005,0.91,1.06,2.91
Australia,AUS,2010,0.72,0.78,2.95
Austria,AUT,1970,3.49,4.14,8.37
Austria,AUT,1975,1.33,1.62,3.68
Austria,AUT,1980,0.1,0.1,0.1
Austria,AUT,1985,0.47,0.1,0.1
Austria,AUT,1990,0.95,0.19,0.09
Austria,AUT,1995,1.36,0.6,0.09
Austria,AUT,2000,1.36,1.08,0.09
Austria,AUT,2005,1.33,1.52,0.08
Austria,AUT,2010,1.29,1.48,0.08
Bahrain,BHR,1970,61.69,77.4,97.9
Bahrain,BHR,1975,50.75,68.81,97.06
Bahrain,BHR,1980,41.9,53.39,96.08
Bahrain,BHR,1985,37.98,43.3,94.17
Bahrain,BHR,1990,32.16,38.48,93.11
Bahrain,BHR,1995,28.06,33.06,90.3
Bahrain,BHR,2000,25.34,30.81,86.67
Bahrain,BHR,2005,27.79,32.33,81.73
Bahrain,BHR,2010,28.89,31.7,75.32
Bangladesh,BGD,1970,78.21,80.92,83.98
Bangladesh,BGD,1975,77.39,82.3,87.6
Bangladesh,BGD,1980,66.81,70.4,76.8
Bangladesh,BGD,1985,59.27,65.29,69.33
Bangladesh,BGD,1990,55.55,60.09,59.94
Bangladesh,BGD,1995,50.82,54.45,48.23
Bangladesh,BGD,2000,44.41,50.98,33.84
Bangladesh,BGD,2005,38.65,46.91,46.84
Bangladesh,BGD,2010,31.88,41.99,52.61
Barbados,BRB,1970,0.83,1.1,2.5
Barbados,BRB,1975,0.89,0.95,2.32
Barbados,BRB,1980,1.55,0.85,2.2
Barbados,BRB,1985,0.81,0.66,1.78
Barbados,BRB,1990,0.8,0.77,1.29
Barbados,BRB,1995,0.53,0.36,0.55
Barbados,BRB,2000,0.01,0.01,0.01
Barbados,BRB,2005,0.04,0.02,0.03
Barbados,BRB,2010,0.22,0.02,0.03
Belgium,BEL,1970,1.22,0.73,1.2
Belgium,BEL,1975,2.24,1.93,1.19
Belgium,BEL,1980,3.14,2.92,1.19
Belgium,BEL,1985,4.48,4.78,5.88
Belgium,BEL,1990,4.68,5.18,6.75
Belgium,BEL,1995,4.53,5.13,7.4
Belgium,BEL,2000,4.1,4.69,7.86
Belgium,BEL,2005,4.65,4.55,4.1
Belgium,BEL,2010,4.67,5,8.05
Belize,BLZ,1970,8.72,12.2,20
Belize,BLZ,1975,8.7,11.49,20.64
Belize,BLZ,1980,7.67,10.7,21.4
Belize,BLZ,1985,9.79,11.84,24.66
Belize,BLZ,1990,9.93,13.16,28.63
Belize,BLZ,1995,6.14,9.25,23.32
Belize,BLZ,2000,3.39,5.12,16.96
Belize,BLZ,2005,1.49,2.11,8.3
Belize,BLZ,2010,0.09,0.1,0.26
Benin,BEN,1970,85.97,89.26,89.6
Benin,BEN,1975,84.89,89.22,89.41
Benin,BEN,1980,82.36,89.2,89.2
Benin,BEN,1985,77.34,84.62,86.3
Benin,BEN,1990,72.35,79.67,82.49
Benin,BEN,1995,67.44,74.1,87.58
Benin,BEN,2000,63.5,69.6,94.4
Benin,BEN,2005,59.05,66.1,91.78
Benin,BEN,2010,53.91,64.09,90.33
Bolivia,BOL,1970,43.89,53.14,76.96
Bolivia,BOL,1975,37.62,48.6,76.2
Bolivia,BOL,1980,30.74,40.32,71.9
Bolivia,BOL,1985,24.4,32.6,66.65
Bolivia,BOL,1990,19.09,25.74,60.25
Bolivia,BOL,1995,14.21,19.5,35.23
Bolivia,BOL,2000,12.21,17.04,5.83
Bolivia,BOL,2005,10.75,14.11,39.14
Bolivia,BOL,2010,9.82,13.53,54.41
Botswana,BWA,1970,57.18,70.5,91.4
Botswana,BWA,1975,51.72,58.33,74.92
Botswana,BWA,1980,45.8,54.7,54.7
Botswana,BWA,1985,36.96,46.77,62.08
Botswana,BWA,1990,31.2,41.21,70.96
Botswana,BWA,1995,19.97,32.2,70.4
Botswana,BWA,2000,15.59,24.81,69.79
Botswana,BWA,2005,12.58,20,62.61
Botswana,BWA,2010,9.83,15.73,57.57
Brazil,BRA,1970,37.76,42.5,59.9
Brazil,BRA,1975,27.01,32.7,32.7
Brazil,BRA,1980,27.43,32.9,58.2
Brazil,BRA,1985,25.23,28.87,57.96
Brazil,BRA,1990,22.31,27.67,57.25
Brazil,BRA,1995,19.48,24.08,53.73
Brazil,BRA,2000,16.03,20.08,53.37
Brazil,BRA,2005,12.38,15.66,54.67
Brazil,BRA,2010,9.6,12.37,44.07
Brunei Darussalam,BRN,1970,41.49,52.4,87.8
Brunei Darussalam,BRN,1975,33.85,45.35,79.88
Brunei Darussalam,BRN,1980,28.08,32.1,70.1
Brunei Darussalam,BRN,1985,25.78,28.48,69.54
Brunei Darussalam,BRN,1990,23.06,24.41,69.01
Brunei Darussalam,BRN,1995,21.52,22.22,68.72
Brunei Darussalam,BRN,2000,21.28,21.39,68.57
Brunei Darussalam,BRN,2005,21.5,20.62,58.55
Brunei Darussalam,BRN,2010,21.11,20.61,52.87
Bulgaria,BGR,1970,7.45,9.38,37.7
Bulgaria,BGR,1975,5.82,7.19,32.22
Bulgaria,BGR,1980,4.93,5.47,24.3
Bulgaria,BGR,1985,4.22,4.06,20.22
Bulgaria,BGR,1990,4.03,4.7,12
Bulgaria,BGR,1995,2.92,3.1,10.1
Bulgaria,BGR,2000,1.35,1.23,7.89
Bulgaria,BGR,2005,2.02,1.91,5.39
Bulgaria,BGR,2010,2.37,2.26,4.91
Burundi,BDI,1970,81.13,87.64,96.04
Burundi,BDI,1975,77.89,84.66,95.3
Burundi,BDI,1980,75.8,81.48,95.28
Burundi,BDI,1985,74.34,78.31,95.26
Burundi,BDI,1990,71.88,76.66,95.25
Burundi,BDI,1995,64.69,74.33,95.21
Burundi,BDI,2000,58.4,70.91,95.18
Burundi,BDI,2005,54.52,63.59,93.11
Burundi,BDI,2010,50.43,57.28,88.64
Cambodia,KHM,1970,64.31,73.6,99.68
Cambodia,KHM,1975,57.31,66.15,99.55
Cambodia,KHM,1980,50.21,57.83,99.35
Cambodia,KHM,1985,44.72,49.08,74.96
Cambodia,KHM,1990,40.76,45.41,74.82
Cambodia,KHM,1995,36.94,41.45,74.66
Cambodia,KHM,2000,32.77,37.32,74.48
Cambodia,KHM,2005,27.4,33.57,71.52
Cambodia,KHM,2010,22.22,28.33,69.81
Cameroon,CMR,1970,67.47,75.05,90.88
Cameroon,CMR,1975,58.62,71.3,90.8
Cameroon,CMR,1980,50.58,63.13,90.81
Cameroon,CMR,1985,42.6,53.66,90.77
Cameroon,CMR,1990,34.81,45.14,88.01
Cameroon,CMR,1995,27.98,36.87,86.7
Cameroon,CMR,2000,23.71,29.06,82.49
Cameroon,CMR,2005,22.29,22.36,80.45
Cameroon,CMR,2010,20.73,18.24,75.03
Canada,CAN,1970,1.08,1.4,4.6
Canada,CAN,1975,1.43,1.8,5.5
Canada,CAN,1980,1.59,2,5.8
Canada,CAN,1985,1,1.21,3.46
Canada,CAN,1990,0.83,0.99,2.63
Canada,CAN,1995,0.88,1.02,2.71
Canada,CAN,2000,0.86,1,2.73
Canada,CAN,2005,0.78,0.68,2.31
Canada,CAN,2010,0.67,0.58,2.1
Central African Republic,CAF,1970,85.39,88.26,94.71
Central African Republic,CAF,1975,80.24,85.27,90.27
Central African Republic,CAF,1980,74.38,82.01,89.86
Central African Republic,CAF,1985,70.1,76.76,89.79
Central African Republic,CAF,1990,63.17,71.16,89.7
Central African Republic,CAF,1995,59.16,67.1,89.61
Central African Republic,CAF,2000,55.78,61.63,89.5
Central African Republic,CAF,2005,53.14,56.64,89.5
Central African Republic,CAF,2010,51.59,53.27,88.38
Chile,CHL,1970,9.71,12.4,19.4
Chile,CHL,1975,7.88,10.86,18.27
Chile,CHL,1980,6.8,9.4,17.1
Chile,CHL,1985,5.35,7.24,14.98
Chile,CHL,1990,4.57,5.77,12.43
Chile,CHL,1995,4.47,5.15,11.31
Chile,CHL,2000,4.17,5.07,10.07
Chile,CHL,2005,3.39,3.79,10.97
Chile,CHL,2010,2.57,2.95,12.14
China,CHN,1970,39.53,50.79,90.21
China,CHN,1975,32.96,41.81,90.05
China,CHN,1980,24.75,33.07,89.88
China,CHN,1985,22.63,30.71,82.55
China,CHN,1990,22.23,29.3,75.1
China,CHN,1995,15.96,20.5,66.08
China,CHN,2000,10.97,13.46,54.99
China,CHN,2005,7.68,9.56,48.43
China,CHN,2010,5.35,6.59,40.68
Colombia,COL,1970,23.25,28.67,38.94
Colombia,COL,1975,20.07,24.62,31.6
Colombia,COL,1980,16.79,21.92,31.57
Colombia,COL,1985,13.46,18.89,31.63
Colombia,COL,1990,11.89,15.83,31.88
Colombia,COL,1995,11.71,14.05,32.13
Colombia,COL,2000,9.55,11.14,30.34
Colombia,COL,2005,7.4,9.32,28.36
Colombia,COL,2010,6.28,7.93,28.73
"Congo, Dem. Rep.",COD,1970,70.3,79.48,98.22
"Congo, Dem. Rep.",COD,1975,64.84,75.36,98.22
"Congo, Dem. Rep.",COD,1980,58.55,70.76,96.21
"Congo, Dem. Rep.",COD,1985,53.06,65.13,95.28
"Congo, Dem. Rep.",COD,1990,48.13,58.65,92.25
"Congo, Dem. Rep.",COD,1995,45.1,53.12,89.64
"Congo, Dem. Rep.",COD,2000,45.76,48.15,82.54
"Congo, Dem. Rep.",COD,2005,44.78,45.33,82.54
"Congo, Dem. Rep.",COD,2010,44.34,44.18,75.67
"Congo, Rep.",COG,1970,66.26,79.75,91.28
"Congo, Rep.",COG,1975,55.6,74.75,91.19
"Congo, Rep.",COG,1980,48.31,65.62,91.1
"Congo, Rep.",COG,1985,42.02,58.8,91
"Congo, Rep.",COG,1990,39.89,48.27,90.89
"Congo, Rep.",COG,1995,35.57,43.01,90.77
"Congo, Rep.",COG,2000,31.81,41.52,90.01
"Congo, Rep.",COG,2005,29.01,36.47,89.69
"Congo, Rep.",COG,2010,27.48,32.1,82.36
Costa Rica,CRI,1970,17.45,20.6,31.7
Costa Rica,CRI,1975,12.05,16.1,27
Costa Rica,CRI,1980,9.44,13.84,26.76
Costa Rica,CRI,1985,7.43,10.65,25.63
Costa Rica,CRI,1990,6.73,8.5,23.95
Costa Rica,CRI,1995,6.33,7.21,23.15
Costa Rica,CRI,2000,5.49,6.72,22.72
Costa Rica,CRI,2005,4.04,5.1,2.89
Costa Rica,CRI,2010,4.67,5.48,19.33
Cote d'Ivoire,CIV,1970,81.67,89.39,90.75
Cote d'Ivoire,CIV,1975,78.87,88,95.45
Cote d'Ivoire,CIV,1980,74.89,84,95.31
Cote d'Ivoire,CIV,1985,71.22,79.37,95.16
Cote d'Ivoire,CIV,1990,67.23,75.23,95
Cote d'Ivoire,CIV,1995,57.84,68.84,92.95
Cote d'Ivoire,CIV,2000,49.19,58.42,91.3
Cote d'Ivoire,CIV,2005,44.3,52.65,90.19
Cote d'Ivoire,CIV,2010,39.61,46.95,88.04
Croatia,HRV,1970,19.88,22.62,40.01
Croatia,HRV,1975,15.5,17.5,28.74
Croatia,HRV,1980,13.04,14.74,28.37
Croatia,HRV,1985,10.75,12.18,27.98
Croatia,HRV,1990,8.91,10.35,27.56
Croatia,HRV,1995,6.48,7.43,24.23
Croatia,HRV,2000,4.73,5.16,20.24
Croatia,HRV,2005,3.19,3.32,13.94
Croatia,HRV,2010,1.8,1.93,9.69
Cuba,CUB,1970,12.98,14.63,22.42
Cuba,CUB,1975,7.71,9.97,14.69
Cuba,CUB,1980,2.7,9.4,7.6
Cuba,CUB,1985,6.41,8.4,14.96
Cuba,CUB,1990,8.39,10.67,23.7
Cuba,CUB,1995,10.23,12.28,34.09
Cuba,CUB,2000,12.06,14.06,46.33
Cuba,CUB,2005,9.37,11.21,45.33
Cuba,CUB,2010,7.67,9.17,44.28
Cyprus,CYP,1970,17.03,21.19,55.96
Cyprus,CYP,1975,13.4,14.47,43.38
Cyprus,CYP,1980,11.22,11.17,33.33
Cyprus,CYP,1985,6.9,8.62,26.27
Cyprus,CYP,1990,4.49,5.22,20.32
Cyprus,CYP,1995,7.16,7.98,29.33
Cyprus,CYP,2000,8.56,10.58,39.79
Cyprus,CYP,2005,11.63,14.24,25.5
Cyprus,CYP,2010,0.74,0.86,6.73
Czech Republic,CZE,1970,0.5,0.6,1
Czech Republic,CZE,1975,0.46,0.51,1
Czech Republic,CZE,1980,0.43,0.4,1
Czech Republic,CZE,1985,1.73,1.78,5.08
Czech Republic,CZE,1990,1.9,2.2,8.4
Czech Republic,CZE,1995,0.93,1.07,4.27
Czech Republic,CZE,2000,0.45,0.48,0.82
Czech Republic,CZE,2005,0.27,0.11,0.28
Czech Republic,CZE,2010,0.15,0.14,0.05
Denmark,DNK,1970,1.41,1.43,1.59
Denmark,DNK,1975,1.78,1.54,1.53
Denmark,DNK,1980,2.13,1.81,1.48
Denmark,DNK,1985,2.32,2.6,1.43
Denmark,DNK,1990,0.11,0.11,0.1
Denmark,DNK,1995,0.12,0.11,0.09
Denmark,DNK,2000,1.17,0.92,0.55
Denmark,DNK,2005,2.12,1.81,1.01
Denmark,DNK,2010,2.64,2.89,1.45
Dominican Republic,DOM,1970,32.89,40.1,68.3
Dominican Republic,DOM,1975,27.41,32.74,67.72
Dominican Republic,DOM,1980,21,24.83,67.09
Dominican Republic,DOM,1985,15.2,17.65,40.05
Dominican Republic,DOM,1990,9.86,11.18,27.51
Dominican Republic,DOM,1995,4.83,5.43,13.91
Dominican Republic,DOM,2000,0.13,0.12,0.32
Dominican Republic,DOM,2005,4.95,5.36,14.91
Dominican Republic,DOM,2010,8.4,10.8,32.15
Ecuador,ECU,1970,28.18,33.98,49
Ecuador,ECU,1975,25.58,31.9,48.9
Ecuador,ECU,1980,19.56,25.4,45.1
Ecuador,ECU,1985,18.47,22.68,43.17
Ecuador,ECU,1990,16.83,21.09,40.72
Ecuador,ECU,1995,17.42,19.78,37.44
Ecuador,ECU,2000,18.62,20.93,33.6
Ecuador,ECU,2005,13.08,16.44,35.48
Ecuador,ECU,2010,8.52,10.63,38.16
"Egypt, Arab Rep.",EGY,1970,82.19,88.81,95.74
"Egypt, Arab Rep.",EGY,1975,77.98,86.3,95.4
"Egypt, Arab Rep.",EGY,1980,67.76,75.57,88.02
"Egypt, Arab Rep.",EGY,1985,55.83,64.1,78.8
"Egypt, Arab Rep.",EGY,1990,50.66,59.61,78.31
"Egypt, Arab Rep.",EGY,1995,45.2,54.99,77.78
"Egypt, Arab Rep.",EGY,2000,39.01,49.7,75.49
"Egypt, Arab Rep.",EGY,2005,34.81,43.87,74.36
"Egypt, Arab Rep.",EGY,2010,31.12,37.39,71.12
El Salvador,SLV,1970,45.09,53.8,67.8
El Salvador,SLV,1975,39.8,48.65,66.67
El Salvador,SLV,1980,35.18,43.18,65.35
El Salvador,SLV,1985,32.96,39.39,63.31
El Salvador,SLV,1990,30.31,37.44,61.98
El Salvador,SLV,1995,25.51,31.47,59.85
El Salvador,SLV,2000,20.38,25.83,57.28
El Salvador,SLV,2005,16.32,21.26,54.18
El Salvador,SLV,2010,3.72,4.22,7.4
Estonia,EST,1970,7.46,8.43,25.13
Estonia,EST,1975,3.84,4.43,8.94
Estonia,EST,1980,3.24,3.59,8.77
Estonia,EST,1985,2.56,2.9,8.59
Estonia,EST,1990,1.88,2.2,8.4
Estonia,EST,1995,0.92,1.04,4.64
Estonia,EST,2000,0.23,0.23,0.28
Estonia,EST,2005,0.2,0.19,0.25
Estonia,EST,2010,0.2,0.18,0.21
Fiji,FJI,1970,17.47,22.61,53.02
Fiji,FJI,1975,14.22,19.7,59.4
Fiji,FJI,1980,10.67,14.87,50.05
Fiji,FJI,1985,7.7,10.9,38.7
Fiji,FJI,1990,6.55,8.57,32.68
Fiji,FJI,1995,5.48,7.26,24.84
Fiji,FJI,2000,4.11,5.54,22.14
Fiji,FJI,2005,3.1,4.1,21.6
Fiji,FJI,2010,2.44,3.02,16.87
Finland,FIN,1970,1.23,1,2.22
Finland,FIN,1975,1.36,1.29,2.6
Finland,FIN,1980,1.31,1.36,2.95
Finland,FIN,1985,1.03,1.14,2.46
Finland,FIN,1990,0.11,0.11,0.1
Finland,FIN,1995,0.31,0.33,0.59
Finland,FIN,2000,0.44,0.48,0.98
Finland,FIN,2005,0.31,0.33,0.71
Finland,FIN,2010,0,0,0
France,FRA,1970,1.08,0.9,0.64
France,FRA,1975,1.02,1.18,0.68
France,FRA,1980,0.95,1.1,0.72
France,FRA,1985,5.42,6.31,5.22
France,FRA,1990,8,9.73,8.4
France,FRA,1995,5,5.78,8.75
France,FRA,2000,2.7,3.11,5.85
France,FRA,2005,1.47,1.66,0.99
France,FRA,2010,1.48,1.55,2.96
Gabon,GAB,1970,71.63,82.59,91.87
Gabon,GAB,1975,64.37,77.65,91.8
Gabon,GAB,1980,57.07,67.05,88.12
Gabon,GAB,1985,48.02,57.66,88.14
Gabon,GAB,1990,39.68,48.42,87.96
Gabon,GAB,1995,29.25,40.3,89.95
Gabon,GAB,2000,22.15,32.39,89.83
Gabon,GAB,2005,17.76,24.78,89.7
Gabon,GAB,2010,14.68,19.19,86.05
"Gambia, The",GMB,1970,93.93,95.29,96.64
"Gambia, The",GMB,1975,91.68,94.9,96.5
"Gambia, The",GMB,1980,89.21,92.76,95.65
"Gambia, The",GMB,1985,86.12,89.72,94.67
"Gambia, The",GMB,1990,79.79,87.06,93.26
"Gambia, The",GMB,1995,73.51,81.69,91.8
"Gambia, The",GMB,2000,73.25,79.71,91.17
"Gambia, The",GMB,2005,66.94,76.39,90.49
"Gambia, The",GMB,2010,61.76,72.7,89.89
Germany,DEU,1970,4.5,0.8,0.4
Germany,DEU,1975,5,0.6,1.1
Germany,DEU,1980,5.2,0.2,0.3
Germany,DEU,1985,5.1,1.3,0.8
Germany,DEU,1990,5.08,3.25,4.68
Germany,DEU,1995,5.45,4.52,7.67
Germany,DEU,2000,5.12,5.42,9.91
Germany,DEU,2005,4.63,4.8,8.96
Germany,DEU,2010,1.8,1.84,1.85
Ghana,GHA,1970,63.96,77.7,91.7
Ghana,GHA,1975,56.37,71.17,91.32
Ghana,GHA,1980,50.96,65.27,90.85
Ghana,GHA,1985,45.43,57.07,88.7
Ghana,GHA,1990,41.47,50.23,87.81
Ghana,GHA,1995,38.81,44.18,86.79
Ghana,GHA,2000,35.05,39.47,86.3
Ghana,GHA,2005,31.3,37.25,77.87
Ghana,GHA,2010,30.41,35.33,72.04
Greece,GRC,1970,13.37,15.52,33.42
Greece,GRC,1975,11.3,13.69,31.18
Greece,GRC,1980,9.57,11.5,31.2
Greece,GRC,1985,8.31,9.99,27.03
Greece,GRC,1990,7.37,8.89,23.45
Greece,GRC,1995,10.02,12,33.82
Greece,GRC,2000,10.93,12.8,42.37
Greece,GRC,2005,2.93,3.34,5.94
Greece,GRC,2010,2.51,2.79,12.84
Guatemala,GTM,1970,65.66,72.78,86.98
Guatemala,GTM,1975,61.29,70.09,96.59
Guatemala,GTM,1980,47.7,55,68.1
Guatemala,GTM,1985,43.74,50.62,66.99
Guatemala,GTM,1990,39.34,46.7,65.62
Guatemala,GTM,1995,35.67,42.6,63.67
Guatemala,GTM,2000,33.6,39.5,62.2
Guatemala,GTM,2005,32.4,38.89,66.07
Guatemala,GTM,2010,23.4,31.24,62.53
Guyana,GUY,1970,8.39,12.2,21
Guyana,GUY,1975,6.82,9.9,20.66
Guyana,GUY,1980,5.61,8.1,20.2
Guyana,GUY,1985,5.86,7.03,20.13
Guyana,GUY,1990,6.15,7.02,20.04
Guyana,GUY,1995,6.24,6.86,19.66
Guyana,GUY,2000,6.3,7,19.9
Guyana,GUY,2005,5.94,6.31,19.75
Guyana,GUY,2010,4.79,5.29,19.59
Haiti,HTI,1970,78.5,83.5,90.4
Haiti,HTI,1975,73.99,79.99,88.66
Haiti,HTI,1980,67.44,77,86.5
Haiti,HTI,1985,48.52,59.65,71.4
Haiti,HTI,1990,43.83,54.05,71.05
Haiti,HTI,1995,38.73,48.75,70.67
Haiti,HTI,2000,36.04,43.21,73.36
Haiti,HTI,2005,30.53,38.04,71.15
Haiti,HTI,2010,25.74,35.12,69.04
Honduras,HND,1970,48.08,55.94,63.77
Honduras,HND,1975,43.89,53.1,64.2
Honduras,HND,1980,33.63,42.89,60.36
Honduras,HND,1985,24.72,33.5,55.7
Honduras,HND,1990,20.97,27.92,55.36
Honduras,HND,1995,17.68,24.38,55.44
Honduras,HND,2000,15.24,20.94,55.07
Honduras,HND,2005,13.55,18.12,55.29
Honduras,HND,2010,13.58,18.72,55.82
"Hong Kong SAR, China",HKG,1970,24.08,33.1,71.1
"Hong Kong SAR, China",HKG,1975,20.11,28.5,61.9
"Hong Kong SAR, China",HKG,1980,16.22,22.5,57.4
"Hong Kong SAR, China",HKG,1985,14.08,18.4,53.7
"Hong Kong SAR, China",HKG,1990,12.59,15.7,52.4
"Hong Kong SAR, China",HKG,1995,15.35,18.5,59.21
"Hong Kong SAR, China",HKG,2000,18.3,21.7,67.52
"Hong Kong SAR, China",HKG,2005,7.14,8.4,35.83
"Hong Kong SAR, China",HKG,2010,5.38,6.28,43.89
Hungary,HUN,1970,2.02,2.4,4.7
Hungary,HUN,1975,1.57,1.71,3.67
Hungary,HUN,1980,1.12,1.3,2.8
Hungary,HUN,1985,1.16,1.25,2.64
Hungary,HUN,1990,1.18,1.29,2.49
Hungary,HUN,1995,1.02,0.91,1.48
Hungary,HUN,2000,0.68,0.72,0.59
Hungary,HUN,2005,0.56,0.61,0.65
Hungary,HUN,2010,0.29,0.28,0.15
Iceland,ISL,1970,0.81,0.86,2.27
Iceland,ISL,1975,1.1,0.72,1.88
Iceland,ISL,1980,1.21,0.74,1.62
Iceland,ISL,1985,1.26,1.07,1.34
Iceland,ISL,1990,1.34,1.21,1.18
Iceland,ISL,1995,1.32,1.26,0.99
Iceland,ISL,2000,1.3,1.36,0.69
Iceland,ISL,2005,1.57,1.35,0.62
Iceland,ISL,2010,1.56,1.53,0.62
India,IND,1970,66.24,72.2,75.4
India,IND,1975,65.86,72.11,80.43
India,IND,1980,66.3,72.5,86.4
India,IND,1985,58.54,64.94,80.3
India,IND,1990,51.62,57.62,72.82
India,IND,1995,47.79,54.84,74.9
India,IND,2000,43.98,50.79,75.99
India,IND,2005,37.95,47.02,75.34
India,IND,2010,33.16,42.29,72.71
Indonesia,IDN,1970,45.36,55.3,83.3
Indonesia,IDN,1975,38.75,48.59,80.59
Indonesia,IDN,1980,31.91,41.1,77.3
Indonesia,IDN,1985,39.51,46.1,80.26
Indonesia,IDN,1990,43.57,54.5,83.83
Indonesia,IDN,1995,32.46,39.79,74.53
Indonesia,IDN,2000,22.61,27.92,63.27
Indonesia,IDN,2005,14.53,18.62,56.37
Indonesia,IDN,2010,7.5,9.47,48.08
"Iran, Islamic Rep.",IRN,1970,74.6,84.4,98.54
"Iran, Islamic Rep.",IRN,1975,68.52,80.08,98.47
"Iran, Islamic Rep.",IRN,1980,58.15,73,97.22
"Iran, Islamic Rep.",IRN,1985,47.83,64.14,96.62
"Iran, Islamic Rep.",IRN,1990,39.05,52.4,85.46
"Iran, Islamic Rep.",IRN,1995,29.34,41.71,79.3
"Iran, Islamic Rep.",IRN,2000,21.28,31.73,69.99
"Iran, Islamic Rep.",IRN,2005,17.53,23.79,72.9
"Iran, Islamic Rep.",IRN,2010,14.18,16.82,56.26
Iraq,IRQ,1970,80.46,91.97,99.36
Iraq,IRQ,1975,74,87.54,99.31
Iraq,IRQ,1980,66.34,79.67,98.72
Iraq,IRQ,1985,55.44,71.68,98.44
Iraq,IRQ,1990,45.05,63.65,97.59
Iraq,IRQ,1995,37.72,52.73,97.15
Iraq,IRQ,2000,30.91,41.02,95.37
Iraq,IRQ,2005,29.25,32.9,93.74
Iraq,IRQ,2010,24.72,28.09,89.96
Ireland,IRL,1970,3.89,4.01,8.15
Ireland,IRL,1975,3.73,3.41,6.82
Ireland,IRL,1980,2.42,2.94,6.11
Ireland,IRL,1985,2.12,2.5,5.24
Ireland,IRL,1990,2.22,2.33,4.81
Ireland,IRL,1995,4.8,4.19,9.82
Ireland,IRL,2000,5.15,5.15,14.06
Ireland,IRL,2005,0.73,0.8,1.35
Ireland,IRL,2010,0.73,0.84,1.54
Israel,ISR,1970,12.79,17,27.7
Israel,ISR,1975,10.02,13,23.04
Israel,ISR,1980,7.37,9.7,19.1
Israel,ISR,1985,6.54,8.03,18.38
Israel,ISR,1990,4.69,5.24,10.27
Israel,ISR,1995,4.04,4.23,6.87
Israel,ISR,2000,3.77,3.57,4.35
Israel,ISR,2005,2.96,3.74,2.35
Israel,ISR,2010,2.54,3.05,11.88
Italy,ITA,1970,5.94,7.3,16.9
Italy,ITA,1975,6.36,7.5,16.61
Italy,ITA,1980,6.41,7.73,16.35
Italy,ITA,1985,8.44,10.24,23.28
Italy,ITA,1990,8.28,9.88,24.8
Italy,ITA,1995,7.62,8.98,26.11
Italy,ITA,2000,7,7.9,27.6
Italy,ITA,2005,6.85,7.76,29.48
Italy,ITA,2010,5.61,6.3,27.74
Jamaica,JAM,1970,4.04,5.1,9.3
Jamaica,JAM,1975,3.07,4.14,8.26
Jamaica,JAM,1980,2.61,3.2,7
Jamaica,JAM,1985,4.24,3.42,6.74
Jamaica,JAM,1990,4.21,4,6.44
Jamaica,JAM,1995,5.22,5.23,8.86
Jamaica,JAM,2000,5.88,6.5,11.59
Jamaica,JAM,2005,5.44,6.06,10.75
Jamaica,JAM,2010,5.71,5.21,9.98
Japan,JPN,1970,0.71,0.9,5
Japan,JPN,1975,0.41,0.46,2.77
Japan,JPN,1980,0.31,0.25,1.02
Japan,JPN,1985,0.29,0.26,0.85
Japan,JPN,1990,0.24,0.26,0.86
Japan,JPN,1995,0.19,0.19,0.61
Japan,JPN,2000,0.17,0.15,0.44
Japan,JPN,2005,0.16,0.13,0.3
Japan,JPN,2010,0.13,0.12,0.25
Jordan,JOR,1970,55.85,70.59,94.02
Jordan,JOR,1975,51.2,66.11,94.51
Jordan,JOR,1980,47.9,66.1,95.1
Jordan,JOR,1985,40.92,55.82,94.86
Jordan,JOR,1990,31.8,46.48,94.59
Jordan,JOR,1995,24.04,34.03,79.02
Jordan,JOR,2000,18.73,24.84,69.97
Jordan,JOR,2005,13.16,17.23,60.77
Jordan,JOR,2010,6.98,10.12,51.23
Kazakhstan,KAZ,1970,20.26,24.44,55.76
Kazakhstan,KAZ,1975,15.23,19.06,46.52
Kazakhstan,KAZ,1980,11.57,14.67,45.99
Kazakhstan,KAZ,1985,8.47,10.81,45.41
Kazakhstan,KAZ,1990,5.65,7.7,44.8
Kazakhstan,KAZ,1995,3.3,3.98,28.72
Kazakhstan,KAZ,2000,1.25,1.59,9.5
Kazakhstan,KAZ,2005,0.01,0.02,0
Kazakhstan,KAZ,2010,0.05,0.04,0.14
Kenya,KEN,1970,64.5,75.9,93.6
Kenya,KEN,1975,55.96,68.12,89.32
Kenya,KEN,1980,46,59.01,84.4
Kenya,KEN,1985,36.81,52.99,84.15
Kenya,KEN,1990,29.81,46.1,83.7
Kenya,KEN,1995,26.05,36.58,77.22
Kenya,KEN,2000,23.27,30.81,73.76
Kenya,KEN,2005,20.4,26.98,68.52
Kenya,KEN,2010,19.68,26.48,66.04
"Korea, Rep.",KOR,1970,24.31,34.3,84.6
"Korea, Rep.",KOR,1975,17.24,25.2,69.9
"Korea, Rep.",KOR,1980,13.07,19.7,63.5
"Korea, Rep.",KOR,1985,10.87,15.41,55.49
"Korea, Rep.",KOR,1990,8.05,11.02,54.21
"Korea, Rep.",KOR,1995,6.7,8.7,65.4
"Korea, Rep.",KOR,2000,5.93,7.45,64.9
"Korea, Rep.",KOR,2005,5.93,6.27,55.24
"Korea, Rep.",KOR,2010,3.44,4.1,36.58
Kuwait,KWT,1970,44.84,50.4,89.4
Kuwait,KWT,1975,58.64,67.3,97.1
Kuwait,KWT,1980,50.66,58,93.4
Kuwait,KWT,1985,44.76,50.3,75.8
Kuwait,KWT,1990,40.84,47.96,79.98
Kuwait,KWT,1995,39.6,46.37,86.03
Kuwait,KWT,2000,23.2,27.56,68.06
Kuwait,KWT,2005,6.72,7.93,46.33
Kuwait,KWT,2010,6.09,7.13,42.63
Kyrgyz Republic,KGZ,1970,13.54,15.94,34.9
Kyrgyz Republic,KGZ,1975,10.66,13.22,34.36
Kyrgyz Republic,KGZ,1980,8.14,10.17,33.78
Kyrgyz Republic,KGZ,1985,5.3,6.36,23.36
Kyrgyz Republic,KGZ,1990,3.82,4.46,22.84
Kyrgyz Republic,KGZ,1995,2.52,3.07,22.3
Kyrgyz Republic,KGZ,2000,1.14,1.61,21.73
Kyrgyz Republic,KGZ,2005,1.29,1.52,13.67
Kyrgyz Republic,KGZ,2010,0.76,1,12.46
Lao PDR,LAO,1970,61.15,71.61,86.01
Lao PDR,LAO,1975,56.32,66.75,85.97
Lao PDR,LAO,1980,51.2,60.85,83.36
Lao PDR,LAO,1985,47.49,56.16,83.3
Lao PDR,LAO,1990,43.16,49.95,83.24
Lao PDR,LAO,1995,39.45,45.17,83.17
Lao PDR,LAO,2000,36.28,40.97,81.51
Lao PDR,LAO,2005,33.53,37.52,76.03
Lao PDR,LAO,2010,31.19,34.59,73.05
Latvia,LVA,1970,4.47,4.97,20.19
Latvia,LVA,1975,1.37,1.29,2.77
Latvia,LVA,1980,1.08,1.04,2.72
Latvia,LVA,1985,0.77,0.81,2.66
Latvia,LVA,1990,0.54,0.6,2.6
Latvia,LVA,1995,0.4,0.42,2
Latvia,LVA,2000,0.65,0.67,1.26
Latvia,LVA,2005,0.23,0.26,0.78
Latvia,LVA,2010,0.3,0.22,0.56
Lesotho,LSO,1970,29.63,35.31,69.43
Lesotho,LSO,1975,28.43,34.3,63.6
Lesotho,LSO,1980,25.65,29.92,63.56
Lesotho,LSO,1985,23.39,26.27,63.47
Lesotho,LSO,1990,20.84,22.97,44.86
Lesotho,LSO,1995,18.44,20.49,38.4
Lesotho,LSO,2000,16.17,17.85,32.33
Lesotho,LSO,2005,11.56,12.43,29.48
Lesotho,LSO,2010,12.39,15.69,32.69
Liberia,LBR,1970,84.52,87.76,89.46
Liberia,LBR,1975,79.08,87.1,87.1
Liberia,LBR,1980,72.87,83.15,86.39
Liberia,LBR,1985,66.53,77.65,85.54
Liberia,LBR,1990,61.96,71.15,85.12
Liberia,LBR,1995,62.04,65.08,86.76
Liberia,LBR,2000,58.02,60.87,87.24
Liberia,LBR,2005,53.57,58.75,87.75
Liberia,LBR,2010,47.26,55.8,88
Libya,LBY,1970,67.47,77.07,92.89
Libya,LBY,1975,58.03,72.7,92.3
Libya,LBY,1980,49.48,63.1,91.52
Libya,LBY,1985,41.2,55.93,90.5
Libya,LBY,1990,34.53,47.87,90.54
Libya,LBY,1995,30.45,39.87,90.47
Libya,LBY,2000,26.61,33.65,86.14
Libya,LBY,2005,24.19,30.42,82.24
Libya,LBY,2010,22.1,26.78,76.29
Lithuania,LTU,1970,21.45,24.22,49.58
Lithuania,LTU,1975,16.71,18.87,38.99
Lithuania,LTU,1980,13.42,15.44,38.45
Lithuania,LTU,1985,10.12,12.04,37.88
Lithuania,LTU,1990,7.53,9.1,37.3
Lithuania,LTU,1995,5.74,6.72,34.61
Lithuania,LTU,2000,2.98,3.53,31.42
Lithuania,LTU,2005,0.46,0.5,2
Lithuania,LTU,2010,0,0,0
Luxembourg,LUX,1970,21.53,25.77,91.41
Luxembourg,LUX,1975,1.35,1.17,1.42
Luxembourg,LUX,1980,2.22,1.47,1.38
Luxembourg,LUX,1985,3.28,1.94,1.34
Luxembourg,LUX,1990,2.22,2.79,1.3
Luxembourg,LUX,1995,4.74,3.77,0.82
Luxembourg,LUX,2000,5.55,4.75,0.61
Luxembourg,LUX,2005,5.17,5.18,0.48
Luxembourg,LUX,2010,4.64,4.87,0.37
"Macao SAR, China",MAC,1970,20.64,26.9,42.3
"Macao SAR, China",MAC,1975,16.79,21.27,38.08
"Macao SAR, China",MAC,1980,14.99,17.39,33.41
"Macao SAR, China",MAC,1985,11.84,15.05,24.46
"Macao SAR, China",MAC,1990,10.63,13.1,18.83
"Macao SAR, China",MAC,1995,8.69,10.37,28.08
"Macao SAR, China",MAC,2000,6.2,7.6,41.3
"Macao SAR, China",MAC,2005,4.83,6.15,37.63
"Macao SAR, China",MAC,2010,3.46,3.75,28.76
Malawi,MWI,1970,50.58,60.58,72.43
Malawi,MWI,1975,48.68,55.4,67.6
Malawi,MWI,1980,49.36,53.94,68.78
Malawi,MWI,1985,49.5,55,70.12
Malawi,MWI,1990,44.63,49.98,69.95
Malawi,MWI,1995,41.88,46.13,69.75
Malawi,MWI,2000,35.41,42.93,69.52
Malawi,MWI,2005,24.44,38.68,66.07
Malawi,MWI,2010,18.02,29.61,64.39
Malaysia,MYS,1970,35.84,47.64,78.59
Malaysia,MYS,1975,31.9,40.46,73.71
Malaysia,MYS,1980,26.92,34.38,74.9
Malaysia,MYS,1985,21.77,28.31,66.74
Malaysia,MYS,1990,15.3,22.77,56.65
Malaysia,MYS,1995,13.42,17.49,33.83
Malaysia,MYS,2000,11.69,15.23,5.98
Malaysia,MYS,2005,9.26,11.58,42.02
Malaysia,MYS,2010,6.88,8.78,59.49
Maldives,MDV,1970,44.32,45.93,52.68
Maldives,MDV,1975,40.75,43.81,51.46
Maldives,MDV,1980,37.5,40.71,50.17
Maldives,MDV,1985,33.42,38.54,48.83
Maldives,MDV,1990,35.17,43.9,58.68
Maldives,MDV,1995,36.62,47.41,71.55
Maldives,MDV,2000,32.87,49.38,88.16
Maldives,MDV,2005,25.46,39.18,88.16
Maldives,MDV,2010,19.52,29.47,88.13
Mali,MLI,1970,93.41,95.88,98.47
Mali,MLI,1975,90.24,95.4,98.5
Mali,MLI,1980,87.47,92.72,98.44
Mali,MLI,1985,84.71,89.34,98.43
Mali,MLI,1990,82.71,86.48,98.42
Mali,MLI,1995,81.16,83.64,97.51
Mali,MLI,2000,78.92,81.58,96.9
Mali,MLI,2005,73.21,79.83,96.65
Mali,MLI,2010,74.57,81.37,92.46
Malta,MLT,1970,24.54,23.55,44.37
Malta,MLT,1975,24.14,24.26,43.91
Malta,MLT,1980,24.33,26.25,42.05
Malta,MLT,1985,19.23,21.9,42.04
Malta,MLT,1990,16.71,19.44,42.32
Malta,MLT,1995,14.29,16.92,46.41
Malta,MLT,2000,9.71,11.9,34.43
Malta,MLT,2005,4.71,5.72,21.89
Malta,MLT,2010,1.64,1.92,14.9
Mauritania,MRT,1970,64.88,65.27,81.21
Mauritania,MRT,1975,62.99,63.26,64.9
Mauritania,MRT,1980,61.72,62.99,64.88
Mauritania,MRT,1985,59.4,61.82,64.86
Mauritania,MRT,1990,55.8,60.8,64.9
Mauritania,MRT,1995,51.73,58.47,64.81
Mauritania,MRT,2000,46.42,54.54,64.78
Mauritania,MRT,2005,39.14,50.15,63.57
Mauritania,MRT,2010,32.16,44.58,63
Mauritius,MUS,1970,25.08,36,52.5
Mauritius,MUS,1975,22.23,29.92,50.61
Mauritius,MUS,1980,21.05,26.58,48.41
Mauritius,MUS,1985,17.22,23.9,45.9
Mauritius,MUS,1990,13.95,18.3,48.7
Mauritius,MUS,1995,10.35,13.64,29.16
Mauritius,MUS,2000,9.55,12.3,5.38
Mauritius,MUS,2005,6.61,8.2,24.61
Mauritius,MUS,2010,5.38,6.63,29.38
Mexico,MEX,1970,31.84,37.45,45.2
Mexico,MEX,1975,30.34,36.12,47.18
Mexico,MEX,1980,27.49,34.2,48.7
Mexico,MEX,1985,21.41,27.55,47.83
Mexico,MEX,1990,16.58,22.01,47.05
Mexico,MEX,1995,12.88,17.2,42.8
Mexico,MEX,2000,10.31,13.44,39.11
Mexico,MEX,2005,7.83,10.21,40.02
Mexico,MEX,2010,7.24,9.34,39.78
Moldova,MDA,1970,28.07,33.75,62.59
Moldova,MDA,1975,22.06,27.71,54.43
Moldova,MDA,1980,17.62,21.93,53.62
Moldova,MDA,1985,13.74,16.9,52.77
Moldova,MDA,1990,10.28,12.7,51.8
Moldova,MDA,1995,7.35,8.86,44.64
Moldova,MDA,2000,5.25,6.1,36.23
Moldova,MDA,2005,3.3,4.1,26.43
Moldova,MDA,2010,0.98,1.11,10.85
Mongolia,MNG,1970,46.5,54.5,96
Mongolia,MNG,1975,18.06,25.33,47.44
Mongolia,MNG,1980,12.07,16.77,40.3
Mongolia,MNG,1985,6.75,8.84,29.92
Mongolia,MNG,1990,2,2.53,11.86
Mongolia,MNG,1995,4.25,4.58,21.27
Mongolia,MNG,2000,5.46,5.54,32.42
Mongolia,MNG,2005,4.89,4.54,28.25
Mongolia,MNG,2010,4.29,4.46,23.44
Morocco,MAR,1970,87.11,95.26,97.4
Morocco,MAR,1975,81.84,89.18,97.3
Morocco,MAR,1980,76.95,84.16,97.14
Morocco,MAR,1985,71.12,78.47,96.49
Morocco,MAR,1990,64.75,73.19,96.09
Morocco,MAR,1995,59.42,67.29,95.45
Morocco,MAR,2000,54.91,60.75,95.12
Morocco,MAR,2005,49.49,55.39,93.78
Morocco,MAR,2010,43.76,50.89,92.88
Mozambique,MOZ,1970,73.25,75.81,92.47
Mozambique,MOZ,1975,75.44,77.68,92.46
Mozambique,MOZ,1980,71.76,81,92.4
Mozambique,MOZ,1985,71.74,79.41,93.38
Mozambique,MOZ,1990,77,80.38,94.5
Mozambique,MOZ,1995,79.01,81.9,95.79
Mozambique,MOZ,2000,77.45,80.23,95.85
Mozambique,MOZ,2005,74.72,76.77,95.82
Mozambique,MOZ,2010,68.14,74.6,94.46
Myanmar,MMR,1970,71.19,77.8,89.11
Myanmar,MMR,1975,68.86,78.3,91
Myanmar,MMR,1980,56.94,67.12,84.63
Myanmar,MMR,1985,47.27,55.8,76.9
Myanmar,MMR,1990,34.71,43.02,76.59
Myanmar,MMR,1995,29.28,37.26,76.42
Myanmar,MMR,2000,24.67,31.71,76.24
Myanmar,MMR,2005,21.2,26.42,73.55
Myanmar,MMR,2010,16.95,21.72,71.07
Namibia,NAM,1970,42.24,49.92,70.42
Namibia,NAM,1975,36.42,45.75,61.84
Namibia,NAM,1980,32.71,41.37,61.52
Namibia,NAM,1985,28.42,36.8,61.31
Namibia,NAM,1990,24.1,30.88,61.86
Namibia,NAM,1995,22.53,27.06,62.51
Namibia,NAM,2000,23.7,25.9,63.8
Namibia,NAM,2005,21.54,22.07,56.96
Namibia,NAM,2010,20.81,20.92,53.5
Nepal,NPL,1970,92.49,96,97.6
Nepal,NPL,1975,89.08,93.3,96.65
Nepal,NPL,1980,85.09,90.3,95.6
Nepal,NPL,1985,75.43,82.87,90.88
Nepal,NPL,1990,65.77,73.66,84.8
Nepal,NPL,1995,61.82,70.2,87.23
Nepal,NPL,2000,53.4,64.97,90.69
Nepal,NPL,2005,44.62,58.79,90.38
Nepal,NPL,2010,36.15,50.58,90.05
Netherlands,NLD,1970,2.32,2.86,6.57
Netherlands,NLD,1975,2.16,2.52,6.43
Netherlands,NLD,1980,2.02,2.23,6.29
Netherlands,NLD,1985,2.28,1.96,4.21
Netherlands,NLD,1990,1.8,1.75,3.68
Netherlands,NLD,1995,1.4,1.61,3.26
Netherlands,NLD,2000,1.2,1.38,3.04
Netherlands,NLD,2005,3.57,3.73,7
Netherlands,NLD,2010,0,0,0
New Zealand,NZL,1970,1.73,0.91,2.02
New Zealand,NZL,1975,0.69,0.79,1.86
New Zealand,NZL,1980,0.98,1.21,2.6
New Zealand,NZL,1985,0.43,0.52,1.21
New Zealand,NZL,1990,0.1,0.1,0.1
New Zealand,NZL,1995,0.11,0.1,0.1
New Zealand,NZL,2000,0.11,0.11,0.1
New Zealand,NZL,2005,0.17,0.11,0.1
New Zealand,NZL,2010,0.9,0.14,0.11
Nicaragua,NIC,1970,48.13,53.9,61.2
Nicaragua,NIC,1975,45.67,50.9,60.66
Nicaragua,NIC,1980,43.43,47.95,60.08
Nicaragua,NIC,1985,40.05,44.79,59.76
Nicaragua,NIC,1990,35.76,41.4,58.58
Nicaragua,NIC,1995,32.09,36.69,58.32
Nicaragua,NIC,2000,26.95,31.55,58.35
Nicaragua,NIC,2005,22.18,27.38,58.93
Nicaragua,NIC,2010,17.25,23.14,55.7
Niger,NER,1970,91.05,90.89,92.13
Niger,NER,1975,90.16,91,92.1
Niger,NER,1980,88.68,90.88,92.07
Niger,NER,1985,86.5,89.96,92.04
Niger,NER,1990,83.67,88.37,91.44
Niger,NER,1995,80.93,86.05,91.2
Niger,NER,2000,78.95,83.05,90.5
Niger,NER,2005,76.84,80.2,90.22
Niger,NER,2010,72.85,78.16,90.26
Norway,NOR,1970,0.76,0.6,0.8
Norway,NOR,1975,2.11,1.8,1
Norway,NOR,1980,1.98,1.8,1.2
Norway,NOR,1985,0.75,0.9,0.56
Norway,NOR,1990,0.07,0.07,0.03
Norway,NOR,1995,0.23,0.22,0.19
Norway,NOR,2000,0.27,0.31,0.32
Norway,NOR,2005,2.64,2.7,0.94
Norway,NOR,2010,5.74,5.85,1.31
Pakistan,PAK,1970,79.66,82.61,86.97
Pakistan,PAK,1975,76.24,80.25,87.51
Pakistan,PAK,1980,74.31,78.9,88.2
Pakistan,PAK,1985,70.18,75.54,88.29
Pakistan,PAK,1990,66.19,73.8,88.5
Pakistan,PAK,1995,63.55,69.82,88.22
Pakistan,PAK,2000,60.24,66.86,87.9
Pakistan,PAK,2005,44.97,51.03,35.99
Pakistan,PAK,2010,45.38,52.47,76.9
Panama,PAN,1970,21.04,25.38,47.1
Panama,PAN,1975,17.33,21.67,42.88
Panama,PAN,1980,14.09,18.3,37.9
Panama,PAN,1985,11.04,15.02,32.9
Panama,PAN,1990,9.43,12.19,26.93
Panama,PAN,1995,8.2,10.11,25.54
Panama,PAN,2000,7.35,8.9,23.89
Panama,PAN,2005,6.88,8.1,24.65
Panama,PAN,2010,7.19,8.14,25.76
Papua New Guinea,PNG,1970,75.47,83.9,95.9
Papua New Guinea,PNG,1975,72.26,82.61,95.26
Papua New Guinea,PNG,1980,67.73,80.67,94.4
Papua New Guinea,PNG,1985,61.67,73.18,94.39
Papua New Guinea,PNG,1990,55.67,66.08,94.29
Papua New Guinea,PNG,1995,50.34,58.99,94.11
Papua New Guinea,PNG,2000,44.85,52.42,94.02
Papua New Guinea,PNG,2005,39.94,46.81,93.35
Papua New Guinea,PNG,2010,37.93,40.83,92.89
Paraguay,PRY,1970,15.72,19.6,37.4
Paraguay,PRY,1975,12.59,17.16,33.45
Paraguay,PRY,1980,10.65,14.1,28.7
Paraguay,PRY,1985,8.45,10.8,25.08
Paraguay,PRY,1990,7.37,9.14,20.74
Paraguay,PRY,1995,6.66,7.72,19.23
Paraguay,PRY,2000,7.05,8.81,17.52
Paraguay,PRY,2005,4.07,5.44,17.44
Paraguay,PRY,2010,3.49,4.49,19.2
Peru,PER,1970,27.86,35,56.2
Peru,PER,1975,22.21,28.49,47.12
Peru,PER,1980,17.61,24,36
Peru,PER,1985,15.28,20.35,36.55
Peru,PER,1990,14.2,17.54,37.37
Peru,PER,1995,12.6,16.53,38.45
Peru,PER,2000,9.53,12.49,35.47
Peru,PER,2005,7.53,9.72,31.89
Peru,PER,2010,5.13,6.84,31.15
Philippines,PHL,1970,15.26,19.8,48.5
Philippines,PHL,1975,10.2,14.1,18.6
Philippines,PHL,1980,8.64,11.7,15.8
Philippines,PHL,1985,7.16,8.4,11.61
Philippines,PHL,1990,5.2,6.7,6.7
Philippines,PHL,1995,5.27,6.15,6.88
Philippines,PHL,2000,5.4,6.11,7.09
Philippines,PHL,2005,4.04,4.88,9.73
Philippines,PHL,2010,2.72,3.37,13.02
Poland,POL,1970,3.91,5.2,23.9
Poland,POL,1975,3.06,3.77,17.83
Poland,POL,1980,2.17,2.8,12.7
Poland,POL,1985,1.68,1.95,9.38
Poland,POL,1990,1.73,2.04,6.58
Poland,POL,1995,2.17,2.59,10.46
Poland,POL,2000,2.34,2.87,13.51
Poland,POL,2005,0.99,1.2,6.2
Poland,POL,2010,0.27,0.29,1.65
Portugal,PRT,1970,37.8,44.2,67.5
Portugal,PRT,1975,29.88,34.93,61.77
Portugal,PRT,1980,21.9,27.5,56.8
Portugal,PRT,1985,16.84,20.96,48.89
Portugal,PRT,1990,13.02,16.12,42.09
Portugal,PRT,1995,11.29,13.4,41.79
Portugal,PRT,2000,9.2,10.73,41.44
Portugal,PRT,2005,12.77,14.78,52.58
Portugal,PRT,2010,10.33,11.76,47.13
Qatar,QAT,1970,63.11,70.42,92.36
Qatar,QAT,1975,57.64,66.44,91.85
Qatar,QAT,1980,52.84,59.21,91.3
Qatar,QAT,1985,48.34,53.5,90.7
Qatar,QAT,1990,45.07,48.88,89.68
Qatar,QAT,1995,40,43.53,88.5
Qatar,QAT,2000,36.77,40.52,84.7
Qatar,QAT,2005,33.3,37.2,85.48
Qatar,QAT,2010,3.59,3.9,39.9
Romania,ROU,1970,7.17,8,26.68
Romania,ROU,1975,5.31,6.49,17.96
Romania,ROU,1980,4.17,5.03,14.56
Romania,ROU,1985,3.33,4.03,12.41
Romania,ROU,1990,4.38,5.4,16.5
Romania,ROU,1995,3.78,3.81,13.9
Romania,ROU,2000,2.65,2.74,10.97
Romania,ROU,2005,2.07,2.31,8.84
Romania,ROU,2010,1.7,1.84,8.77
Russian Federation,RUS,1970,5.73,7.39,17.7
Russian Federation,RUS,1975,6.43,8.37,23.59
Russian Federation,RUS,1980,6.87,8.7,30.47
Russian Federation,RUS,1985,7,8.44,38.55
Russian Federation,RUS,1990,6.48,7.72,45.51
Russian Federation,RUS,1995,4.3,5.14,32.9
Russian Federation,RUS,2000,1,1.14,6.1
Russian Federation,RUS,2005,0.85,0.98,5.81
Russian Federation,RUS,2010,0.89,0.9,5.55
Rwanda,RWA,1970,76.33,85.01,97.44
Rwanda,RWA,1975,70.81,79.84,97.4
Rwanda,RWA,1980,66.42,77,97.6
Rwanda,RWA,1985,63.12,69.84,97.28
Rwanda,RWA,1990,60.04,65.39,97.22
Rwanda,RWA,1995,56.92,62.22,95.26
Rwanda,RWA,2000,53.66,59.42,94.33
Rwanda,RWA,2005,50.25,56.41,90.05
Rwanda,RWA,2010,45.18,53.2,88.07
Saudi Arabia,SAU,1970,54.24,57.6,71.46
Saudi Arabia,SAU,1975,50.14,56.06,70.92
Saudi Arabia,SAU,1980,45.67,49.81,70.33
Saudi Arabia,SAU,1985,35.95,43.69,69.69
Saudi Arabia,SAU,1990,29.09,35.75,55.23
Saudi Arabia,SAU,1995,26.5,31.16,54.3
Saudi Arabia,SAU,2000,21.22,26.31,53.3
Saudi Arabia,SAU,2005,17.14,22.22,52.24
Saudi Arabia,SAU,2010,12.72,18.07,51.12
Senegal,SEN,1970,54.71,57.12,60.28
Senegal,SEN,1975,51.9,56,60.2
Senegal,SEN,1980,52.8,56.31,60.24
Senegal,SEN,1985,54.38,56.89,60.21
Senegal,SEN,1990,57.47,60.32,72.14
Senegal,SEN,1995,60.46,64.24,77.58
Senegal,SEN,2000,65.57,68.73,85.12
Senegal,SEN,2005,72.05,76.13,94.49
Senegal,SEN,2010,58.58,65.26,93.59
Serbia,SRB,1970,18.94,23.9,45.2
Serbia,SRB,1975,16.45,19.78,43.05
Serbia,SRB,1980,14.01,15.8,40.4
Serbia,SRB,1985,11.45,12.64,37.52
Serbia,SRB,1990,9.87,10.29,34.05
Serbia,SRB,1995,6.33,7.33,28.13
Serbia,SRB,2000,4.84,5.15,24.98
Serbia,SRB,2005,3.5,3.72,20.18
Serbia,SRB,2010,2.96,3.25,19.87
Sierra Leone,SLE,1970,90.22,93.36,95.78
Sierra Leone,SLE,1975,87.24,91.73,95.65
Sierra Leone,SLE,1980,83.85,89.05,95.59
Sierra Leone,SLE,1985,80.13,85.77,95.57
Sierra Leone,SLE,1990,75.89,82.1,94.47
Sierra Leone,SLE,1995,70.74,78.07,94
Sierra Leone,SLE,2000,67.82,73.62,93.79
Sierra Leone,SLE,2005,65.3,68.17,93.83
Sierra Leone,SLE,2010,57,65.14,93.43
Singapore,SGP,1970,34.29,47.6,81.2
Singapore,SGP,1975,32.4,45.82,81.64
Singapore,SGP,1980,29.82,43.7,82.5
Singapore,SGP,1985,19.5,26.06,63.04
Singapore,SGP,1990,10.24,13.95,39.69
Singapore,SGP,1995,14.21,16.97,56.46
Singapore,SGP,2000,19.56,21.21,76.05
Singapore,SGP,2005,8.55,10.06,39.7
Singapore,SGP,2010,15.27,16.39,73.6
Slovak Republic,SVK,1970,0.47,0.6,1
Slovak Republic,SVK,1975,0.71,0.48,1
Slovak Republic,SVK,1980,0.4,0.4,1
Slovak Republic,SVK,1985,1.36,1.17,2.05
Slovak Republic,SVK,1990,1.57,1.71,2.9
Slovak Republic,SVK,1995,1.81,1.88,2.65
Slovak Republic,SVK,2000,2.06,2.14,2.34
Slovak Republic,SVK,2005,1.15,1.12,1.39
Slovak Republic,SVK,2010,0.3,0.26,0.65
Slovenia,SVN,1970,10.61,12.7,24.35
Slovenia,SVN,1975,9.04,10.61,22.26
Slovenia,SVN,1980,7.25,7.9,20.2
Slovenia,SVN,1985,3.51,4.08,11.52
Slovenia,SVN,1990,0.7,0.7,1.6
Slovenia,SVN,1995,0.63,0.73,1.6
Slovenia,SVN,2000,0.7,0.7,1.6
Slovenia,SVN,2005,0.8,0.65,1.52
Slovenia,SVN,2010,0.66,0.48,1.52
South Africa,ZAF,1970,37.78,41.91,57.5
South Africa,ZAF,1975,32.14,36.87,53.29
South Africa,ZAF,1980,26.29,31.66,48.9
South Africa,ZAF,1985,19.05,24.8,45
South Africa,ZAF,1990,11.24,14.2,29.12
South Africa,ZAF,1995,5.24,5.48,10.5
South Africa,ZAF,2000,15.5,20.22,7.58
South Africa,ZAF,2005,10.41,13.45,29.67
South Africa,ZAF,2010,5.65,7.82,35.22
Spain,ESP,1970,34.05,46.67,67.15
Spain,ESP,1975,34.36,39.91,60.56
Spain,ESP,1980,28.58,35.1,54.7
Spain,ESP,1985,27.25,33.57,56.84
Spain,ESP,1990,25.85,31.27,58.56
Spain,ESP,1995,19.79,23.73,53.26
Spain,ESP,2000,15.22,17.4,48.47
Spain,ESP,2005,2.25,2.52,3.33
Spain,ESP,2010,2.25,2.49,9.41
Sri Lanka,LKA,1970,17.94,24,41.4
Sri Lanka,LKA,1975,15.8,19.15,37.2
Sri Lanka,LKA,1980,13.45,15.9,32.7
Sri Lanka,LKA,1985,13.32,14.38,31.96
Sri Lanka,LKA,1990,10.16,12.05,30.93
Sri Lanka,LKA,1995,9.29,11.3,28.28
Sri Lanka,LKA,2000,8.7,10.4,27.5
Sri Lanka,LKA,2005,6.37,7.79,20.25
Sri Lanka,LKA,2010,4.43,5.4,15.22
Sudan,SDN,1970,81.41,84.75,92.72
Sudan,SDN,1975,77.93,82.62,90.47
Sudan,SDN,1980,73.92,79.37,88
Sudan,SDN,1985,68.38,76.7,85.5
Sudan,SDN,1990,63.98,72.17,85.42
Sudan,SDN,1995,60.37,67.04,85.34
Sudan,SDN,2000,57.29,62.48,84.35
Sudan,SDN,2005,55.43,58.82,83.88
Sudan,SDN,2010,53.74,55.73,82.83
Swaziland,SWZ,1970,52.19,63.21,88.87
Swaziland,SWZ,1975,41.8,53.6,82.6
Swaziland,SWZ,1980,37.14,47.03,77.08
Swaziland,SWZ,1985,32.44,42.32,70.42
Swaziland,SWZ,1990,32.57,42.26,73.26
Swaziland,SWZ,1995,35.34,44.17,76.97
Swaziland,SWZ,2000,39.49,48.68,81.64
Swaziland,SWZ,2005,52.27,55.66,87.27
Swaziland,SWZ,2010,32.94,44.82,85.26
Sweden,SWE,1970,1.05,0.8,1.11
Sweden,SWE,1975,1.58,1.24,1.67
Sweden,SWE,1980,1.39,1.16,1.56
Sweden,SWE,1985,1.59,1.36,1.77
Sweden,SWE,1990,2.01,1.46,2.09
Sweden,SWE,1995,1.69,1.75,2.39
Sweden,SWE,2000,2,1.75,2.24
Sweden,SWE,2005,1.99,1.66,2.29
Sweden,SWE,2010,2.15,1.73,2.44
Switzerland,CHE,1970,4.95,4.97,8.1
Switzerland,CHE,1975,4.35,3.8,6.91
Switzerland,CHE,1980,2.98,2.9,6.08
Switzerland,CHE,1985,8.4,8.29,16.97
Switzerland,CHE,1990,11.46,11.08,26.36
Switzerland,CHE,1995,13.47,12.47,34.08
Switzerland,CHE,2000,13,11.47,40.39
Switzerland,CHE,2005,10.78,10.29,25.84
Switzerland,CHE,2010,1.61,1.44,3.48
Syrian Arab Republic,SYR,1970,58.44,68.6,87.1
Syrian Arab Republic,SYR,1975,49.95,61.09,87.05
Syrian Arab Republic,SYR,1980,41.41,52.96,86.99
Syrian Arab Republic,SYR,1985,31.7,43.2,74.35
Syrian Arab Republic,SYR,1990,24.41,34.51,68.77
Syrian Arab Republic,SYR,1995,18.34,26.44,61.61
Syrian Arab Republic,SYR,2000,16.02,21.96,55.9
Syrian Arab Republic,SYR,2005,15.28,19.38,59.15
Syrian Arab Republic,SYR,2010,16.19,20.87,63.12
Tajikistan,TJK,1970,23.3,30.06,59.18
Tajikistan,TJK,1975,17.3,24.01,50
Tajikistan,TJK,1980,12.9,18.76,49.02
Tajikistan,TJK,1985,9.41,13.73,47.99
Tajikistan,TJK,1990,6.72,9.85,46.89
Tajikistan,TJK,1995,2.91,4.07,27.45
Tajikistan,TJK,2000,0.55,0.76,4.9
Tajikistan,TJK,2005,0.37,0.53,4.64
Tajikistan,TJK,2010,0.27,0.37,4.38
Tanzania,TZA,1970,59.5,66.14,75.89
Tanzania,TZA,1975,55.83,61.38,75.87
Tanzania,TZA,1980,47.96,57.72,75.47
Tanzania,TZA,1985,42.22,50.73,70.72
Tanzania,TZA,1990,37.35,45.23,70.69
Tanzania,TZA,1995,33.8,39.18,70.66
Tanzania,TZA,2000,30.26,34.93,70.62
Tanzania,TZA,2005,24.61,30.72,70.58
Tanzania,TZA,2010,17.69,26.09,70.54
Thailand,THA,1970,24.94,34.1,86.6
Thailand,THA,1975,20.08,26.28,65.29
Thailand,THA,1980,14.24,20.5,39.4
Thailand,THA,1985,12.5,16.66,39.28
Thailand,THA,1990,11.63,14.38,39.17
Thailand,THA,1995,11.8,13.57,39.13
Thailand,THA,2000,12.84,14.35,39.07
Thailand,THA,2005,5.26,6.15,7.47
Thailand,THA,2010,3.44,3.66,12.17
Togo,TGO,1970,82.61,89.8,96.3
Togo,TGO,1975,73.45,83.17,95.19
Togo,TGO,1980,64.61,76.5,93.9
Togo,TGO,1985,56.42,69.73,93.81
Togo,TGO,1990,49.39,63.94,90.54
Togo,TGO,1995,47.1,56.76,89.48
Togo,TGO,2000,43.78,51.62,88.08
Togo,TGO,2005,41.75,49.87,88.2
Togo,TGO,2010,39.63,49.84,89
Tonga,TON,1970,13.19,11.64,12.91
Tonga,TON,1975,9.71,11.56,12.44
Tonga,TON,1980,7.77,10.55,11.96
Tonga,TON,1985,7.56,9.74,11.47
Tonga,TON,1990,3.94,6,7.01
Tonga,TON,1995,1.09,1.31,2
Tonga,TON,2000,1.13,1.44,3.26
Tonga,TON,2005,1.1,1.4,4.8
Tonga,TON,2010,0.73,0.81,2.76
Trinidad and Tobago,TTO,1970,8.05,11.6,23.2
Trinidad and Tobago,TTO,1975,3.9,5.8,13.71
Trinidad and Tobago,TTO,1980,0.99,1.3,2.3
Trinidad and Tobago,TTO,1985,2.5,3.2,9.09
Trinidad and Tobago,TTO,1990,3.58,4.63,17.25
Trinidad and Tobago,TTO,1995,2.72,3.43,15.63
Trinidad and Tobago,TTO,2000,2.16,2.44,13.71
Trinidad and Tobago,TTO,2005,1.57,1.73,10.69
Trinidad and Tobago,TTO,2010,1.1,1.32,8.7
Tunisia,TUN,1970,74.8,86.13,95.01
Tunisia,TUN,1975,64.84,82.7,95.7
Tunisia,TUN,1980,53.81,72.1,91.6
Tunisia,TUN,1985,51.64,66.3,91.6
Tunisia,TUN,1990,44.76,56.45,91.79
Tunisia,TUN,1995,37.81,49.26,91.92
Tunisia,TUN,2000,30.96,40.56,89.87
Tunisia,TUN,2005,25.33,32.52,87.48
Tunisia,TUN,2010,20.87,26.83,84.68
Turkey,TUR,1970,54.84,61.84,86.28
Turkey,TUR,1975,47.67,59,86.9
Turkey,TUR,1980,40.76,52.4,86.6
Turkey,TUR,1985,31.24,40.03,79.87
Turkey,TUR,1990,27.44,33.26,71.86
Turkey,TUR,1995,23.8,30.6,64.4
Turkey,TUR,2000,15.25,20.14,53.88
Turkey,TUR,2005,11.88,14.35,45.12
Turkey,TUR,2010,9.18,11.3,47.38
Uganda,UGA,1970,61.99,71.8,92.2
Uganda,UGA,1975,55.25,65.46,89.87
Uganda,UGA,1980,51.81,58.63,87.07
Uganda,UGA,1985,45.32,52.09,82.72
Uganda,UGA,1990,37.38,46.9,79.47
Uganda,UGA,1995,29.56,38.98,50.45
Uganda,UGA,2000,25.45,33.75,15.02
Uganda,UGA,2005,18.24,27.05,38.29
Uganda,UGA,2010,12.18,20.7,48.57
Ukraine,UKR,1970,10.37,12.11,17.19
Ukraine,UKR,1975,8.74,10.61,17.04
Ukraine,UKR,1980,7.75,8.99,16.88
Ukraine,UKR,1985,6.88,7.65,18.31
Ukraine,UKR,1990,5.79,6.18,18.27
Ukraine,UKR,1995,4.28,4.71,17.9
Ukraine,UKR,2000,2.86,3.42,17.2
Ukraine,UKR,2005,1.9,2.31,16.23
Ukraine,UKR,2010,1.25,1.49,12.21
United Arab Emirates,ARE,1970,74.23,77.59,98.43
United Arab Emirates,ARE,1975,69.94,72.2,98.2
United Arab Emirates,ARE,1980,61.75,65.02,98.16
United Arab Emirates,ARE,1985,52.87,56.86,98
United Arab Emirates,ARE,1990,41.91,46.41,86.27
United Arab Emirates,ARE,1995,29.67,33.18,81.01
United Arab Emirates,ARE,2000,18.13,21.18,74.33
United Arab Emirates,ARE,2005,10,11.2,69.3
United Arab Emirates,ARE,2010,9.72,10.2,61
United Kingdom,GBR,1970,2.16,1.96,1.68
United Kingdom,GBR,1975,2.29,1.92,1.92
United Kingdom,GBR,1980,3.31,2.09,2.07
United Kingdom,GBR,1985,3.24,3.28,2.32
United Kingdom,GBR,1990,3.2,3.05,2.44
United Kingdom,GBR,1995,3.27,3.03,2.27
United Kingdom,GBR,2000,2.94,3.2,0.1
United Kingdom,GBR,2005,1.26,1.48,0.53
United Kingdom,GBR,2010,0.15,0.16,0
United States,USA,1970,1.43,1.6,4.2
United States,USA,1975,1.24,1.27,3.17
United States,USA,1980,0.84,1,2.2
United States,USA,1985,1.05,1.11,2.15
United States,USA,1990,1.15,1.23,2.1
United States,USA,1995,0.55,0.62,1.26
United States,USA,2000,0.43,0.48,0.94
United States,USA,2005,0.43,0.5,1.23
United States,USA,2010,0.35,0.39,0.98
Uruguay,URY,1970,9.27,11.28,29.56
Uruguay,URY,1975,8.01,9.9,25.4
Uruguay,URY,1980,5.57,6.82,16.71
Uruguay,URY,1985,4.03,4.7,6.3
Uruguay,URY,1990,4.25,4.88,8.82
Uruguay,URY,1995,4.17,4.88,11.87
Uruguay,URY,2000,2.53,2.88,7.3
Uruguay,URY,2005,1.61,1.92,1.9
Uruguay,URY,2010,1.34,1.62,7.07
"Venezuela, RB",VEN,1970,35.43,47.1,72.8
"Venezuela, RB",VEN,1975,26.38,35.95,66.08
"Venezuela, RB",VEN,1980,18,23.5,57.9
"Venezuela, RB",VEN,1985,18.09,22.03,52.26
"Venezuela, RB",VEN,1990,18.14,21.18,45.5
"Venezuela, RB",VEN,1995,15.17,18.01,43.13
"Venezuela, RB",VEN,2000,12.44,14.15,40.34
"Venezuela, RB",VEN,2005,9.56,10.3,37.11
"Venezuela, RB",VEN,2010,5.33,6.62,33.12
Vietnam,VNM,1970,31.16,39.37,51.76
Vietnam,VNM,1975,25.62,34.09,51.35
Vietnam,VNM,1980,20.5,28.4,50.9
Vietnam,VNM,1985,16.2,21.82,46.66
Vietnam,VNM,1990,13.2,16.62,41.97
Vietnam,VNM,1995,11.38,12.65,36.39
Vietnam,VNM,2000,10.79,9.47,29.49
Vietnam,VNM,2005,12.69,7.5,20.97
Vietnam,VNM,2010,15.2,8.16,10.42
"Yemen, Rep.",YEM,1970,98.72,99.87,99.87
"Yemen, Rep.",YEM,1975,98.8,100,100
"Yemen, Rep.",YEM,1980,95.82,99.14,99.86
"Yemen, Rep.",YEM,1985,91.1,98.19,99.85
"Yemen, Rep.",YEM,1990,84.04,95.64,99.84
"Yemen, Rep.",YEM,1995,78.21,91.58,99.84
"Yemen, Rep.",YEM,2000,70.83,85.33,99.84
"Yemen, Rep.",YEM,2005,64.96,76.87,99.83
"Yemen, Rep.",YEM,2010,57.49,69.25,99.83
Zambia,ZMB,1970,40.9,43,79.5
Zambia,ZMB,1975,39.61,48.06,81.25
Zambia,ZMB,1980,37.67,49.8,83.2
Zambia,ZMB,1985,35.44,42.92,73.07
Zambia,ZMB,1990,34.01,39.8,60.55
Zambia,ZMB,1995,18.6,20.8,57
Zambia,ZMB,2000,18.73,23.86,56.84
Zambia,ZMB,2005,17.18,21.09,56.66
Zambia,ZMB,2010,13.96,18.42,56.56
Zimbabwe,ZWE,1970,32.47,44.47,92.93
Zimbabwe,ZWE,1975,27.07,35.69,54.67
Zimbabwe,ZWE,1980,26.59,31.2,54.46
Zimbabwe,ZWE,1985,22.39,25.81,54.23
Zimbabwe,ZWE,1990,14.58,22.37,53.98
Zimbabwe,ZWE,1995,10.2,15.89,31.12
Zimbabwe,ZWE,2000,8.5,13.16,3.4
Zimbabwe,ZWE,2005,6.68,9.7,18.66
Zimbabwe,ZWE,2010,5.08,8.51,26.29
